Firing,Uncorrected,Bonferroni,Holm,SGoF,BH,BY,Q-value,TP,TN,FP,FN,Power,pi0,pi0 estimate,cutoff,Total
2000.0,2357.0,210.0,210.0,543.0,1866.0,1120.0,1938.0,1940.0,7583.0,417.0,60.0,0.97,0.8,0.7927272727272728,2072.7272727272716,10000.0
165.0,419.0,0.0,0.0,419.0,0.0,0.0,0.0,37.0,6393.0,1504.0,128.0,0.22424242424242424,0.9795336144877201,0.9832886042263369,134.72727272727187,8062.0
156.0,405.0,0.0,0.0,405.0,0.0,0.0,0.0,5.0,7175.0,395.0,151.0,0.03205128205128205,0.9798084390370179,0.9883980890970279,89.63636363636272,7726.0
147.0,385.0,0.0,0.0,385.0,0.0,0.0,0.0,9.0,6889.0,380.0,138.0,0.061224489795918366,0.9801779935275081,0.9868098460331471,97.81818181818079,7416.0
