Firing,Uncorrected,Bonferroni,Holm,SGoF,BH,BY,Q-value,TP,TN,FP,FN,Power,pi0,pi0 estimate,cutoff,Total
2000.0,2357.0,210.0,210.0,543.0,1866.0,1120.0,1938.0,1940.0,7583.0,417.0,60.0,0.97,0.8,0.7927272727272728,2072.7272727272716,10000.0
213.0,491.0,0.0,0.0,446.0,0.0,0.0,0.0,36.0,6458.0,1463.0,177.0,0.16901408450704225,0.9738136218342759,0.9745847955830745,206.72727272727172,8134.0
201.0,464.0,0.0,0.0,427.0,0.0,0.0,0.0,13.0,7153.0,414.0,188.0,0.06467661691542288,0.974124613800206,0.9912461380020599,67.99999999999908,7768.0
195.0,439.0,0.0,0.0,409.0,0.0,0.0,0.0,13.0,6844.0,394.0,182.0,0.06666666666666667,0.9737656397147855,1.0,0.0,7433.0
184.0,417.0,0.0,0.0,394.0,0.0,0.0,0.0,7.0,6584.0,387.0,177.0,0.03804347826086957,0.9742837176799442,0.9999364716345849,0.4545454545451977,7155.0
