Firing,Uncorrected,Bonferroni,Holm,SGoF,BH,BY,Q-value,TP,TN,FP,FN,Power,pi0,pi0 estimate,cutoff,Total
2000.0,2357.0,210.0,210.0,543.0,1866.0,1120.0,1938.0,1940.0,7583.0,417.0,60.0,0.97,0.8,0.7927272727272728,2072.7272727272716,10000.0
213.0,491.0,0.0,0.0,446.0,0.0,0.0,0.0,153.0,7583.0,338.0,60.0,0.7183098591549296,0.9738136218342759,0.9745847955830745,206.72727272727172,8134.0
210.0,466.0,0.0,0.0,428.0,0.0,0.0,0.0,150.0,7261.0,316.0,60.0,0.7142857142857143,0.9730319763708746,0.9759856170540645,186.99999999999972,7787.0
195.0,440.0,0.0,0.0,411.0,0.0,0.0,0.0,137.0,6969.0,303.0,58.0,0.7025641025641025,0.9738850944154279,0.9861572738230031,103.36363636363578,7467.0
195.0,440.0,0.0,0.0,411.0,0.0,0.0,0.0,137.0,6969.0,303.0,58.0,0.7025641025641025,0.9738850944154279,0.9861572738230031,103.36363636363578,7467.0
195.0,440.0,0.0,0.0,411.0,0.0,0.0,0.0,137.0,6969.0,303.0,58.0,0.7025641025641025,0.9738850944154279,0.9861572738230031,103.36363636363578,7467.0
