Firing,Uncorrected,Bonferroni,Holm,SGoF,BH,BY,Q-value,TP,TN,FP,FN,Power,pi0,pi0 estimate,cutoff,Total,K1,K2,Errors
2000.0,2214.0,18.0,18.0,543.0,829.0,85.0,1393.0,529.0,7986.0,14.0,1471.0,0.2645,0.8,0.4290909090909092,5709.090909090908,10000.0,0.3,1.0,1485.0
2000.0,1680.0,73.0,73.0,543.0,829.0,543.0,829.0,73.0,8000.0,0.0,1927.0,0.0365,0.8,1.0,0.0,10000.0,0.3,2.0,1927.0
2000.0,1200.0,214.0,219.0,543.0,829.0,829.0,829.0,213.0,7999.0,1.0,1787.0,0.1065,0.8,1.0,0.0,10000.0,0.3,3.0,1788.0
2000.0,1217.0,317.0,321.0,543.0,829.0,829.0,829.0,313.0,7996.0,4.0,1687.0,0.1565,0.8,1.0,0.0,10000.0,1.0,1.0,1691.0
2000.0,924.0,416.0,425.0,543.0,829.0,829.0,829.0,408.0,7992.0,8.0,1592.0,0.204,0.8,1.0,0.0,10000.0,1.0,2.0,1600.0
2000.0,829.0,543.0,543.0,543.0,829.0,829.0,829.0,529.0,7986.0,14.0,1471.0,0.2645,0.8,1.0,0.0,10000.0,1.0,3.0,1485.0
