n0,Pi0,Effect,S0,Power,Power SD,FDR,FDR SD,Accuracy,Accuracy SD,TPR,TPR SD,FPR,FPR SD,F1,F1 SD
5,1.0,0.1,0.5,0.053789473684210526,0.0,0.044859813084112146,0.0,0.5028947368421053,0.0,0.053789473684210526,0.0,0.04800000000000004,0.0,0.1018435475834579,0.0
15,1.0,0.1,0.5,0.053894736842105266,0.0,0.06569343065693431,0.0,0.49094736842105263,0.0,0.053894736842105266,0.0,0.07199999999999995,0.0,0.10191082802547771,0.0
30,1.0,0.1,0.5,0.066,0.0,0.06278026905829596,0.0,0.491,0.0,0.066,0.0,0.08399999999999996,0.0,0.12331596027141312,0.0
