n0,Pi0,Effect,S0,Power,Power SD,FDR,FDR SD,Accuracy,Accuracy SD,TPR,TPR SD,FPR,FPR SD,F1,F1 SD
5,1.0,0.5,0.5,0.11168421052631579,0.0,0.045863309352517985,0.0,0.5048421052631579,0.0,0.11168421052631579,0.0,0.10199999999999998,0.0,0.1999623068224651,0.0
